id,sheet,grade,name,task,modality,env,size,annot,apps,view,scene,illum,box_semantics,img_count,risks,confidence,evidence,note,url,year,span
C001,Beef,X,"Simmental beef cattle face dataset (Li et al., 2022c)",Lightweight deep learning-based cattle face recognition,Cropped RGB face images,"Large open-air fenced farm environments in Shengyuan and Kulun Banner, Tongliao; sunny, fog- and haze-free conditions (8 a.m. - 4 p.m.)","103 Simmental cattle, 10,239 cropped RGB face images","YOLOv3 pipeline trained on 1/5 manually labeled frames for automated face detection, bounding box drawing, and cropping",Lightweight deep learning-based cattle face recognition deployable on resource-constrained embedded systems in precision livestock farming,不确定,户外草场,白天RGB,body_part,10239,许可待核,high,"Cropped RGB face images; YOLOv3 ... automatic face detection, bounding box drawing, and cropping",脸部特写裁剪图，牛体不在画面内,https://github.com/Oliver6999/cattle_dataset,,2-2
C002,Beef,X,"Cattle Retinal Fundus Image dataset (Cihan et al., 2024)",AI-aided binary classification for early CVD diagnosis,RGB retinal fundus images,Kars region of Turkey; real-world agricultural/animal husbandry environment; veterinary examination conditions,"100 cattle, 1118 RGB retinal fundus images",Expert veterinarian labels as CVD/non-CVD per image,"AI-aided binary classification for early CVD diagnosis in cattle to enhance veterinary decision-making, animal welfare, and productivity",不确定,实验受控,不确定,no_box,1118,许可待核,high,RGB retinal fundus images; Expert veterinarian labels as CVD/non-CVD per image,视网膜图像，模态不可用,https://www.kaggle.com/datasets/animalbiometry/cvd-vs-noncvd-retinal-images-of-cattle,,3-3
C003,Beef,P1,"Beef identify dataset (Qiao et al., 2021)","Deep learning-based analysis, automated individual cattle identification",RGB images (from video sequences),"Commercial feedlot in Southern Queensland, Australia; challenging real-world conditions (variable illumination, posture variations, complex backgrounds)","50 individual beef cattle, 363 videos, approx. 14,520 RGB images","Manual identity labels per video, recorded via visual confirmation of ear tags","Automated individual cattle identification without reliance on ear tags, real-time monitoring",不确定,半开放牛场,混合,no_box,14520,许可待核 | 需重标 | 帧冗余,medium,"50 individual beef cattle, 363 videos, approx. 14,520 RGB images; Manual identity labels per video",牛体可见，可新增整牛 HBB；原为图像级身份识别,https://github.com/qiao19881314/beefidentify,,4-4
C004,Beef,X,"Cattle muzzle biometric dataset (Shojaeipour et al., 2021)","Individual identification, non-invasive livestock welfare monitoring, precision livestock management",High-resolution RGB images of animal faces (muzzle patterns),"Practical field environment; natural lighting conditions (sunny, 8:00-16:00)","300 Bos taurus beef cattle, 2900 high-resolution RGB images","Automated YOLOv3 detection, ResNet-50 deep transfer learning for muzzle pattern extraction; individual identity labels","Non-invasive livestock welfare monitoring, precision livestock management, automated identification from surveillance or drone footage",不确定,户外草场,白天RGB,body_part,2900,许可待核,high,RGB images of animal faces (muzzle patterns); individual identity labels,吻部特写，牛体不在画面内,https://cloud.une.edu.au/index.php/s/eMwaHAPK08dCDru,,5-5
C005,Beef,P0,"CVB dataset (Zia et al., 2023)","Cattle behavior recognition, localization, and tracking",High-resolution video data,Experimental pasture/field (25m×25m) in natural lighting conditions; GoPro5 Black cameras,"8 Angus beef cattle, 502 labeled video clips, 225,900 annotated frames","Eleven visually perceptible behaviors per cattle, bounding box localizations","Livestock welfare monitoring, health anomaly detection, productivity optimization, sustainable farming practices",地面侧视,实验受控,白天RGB,whole_animal_hbb,225900,许可待核 | 帧冗余 | 实例密度低,medium,"Eleven visually perceptible behaviors per cattle, bounding box localizations",原生整牛框；8头牛却225900帧，实例密度低,https://data.csiro.au/collection/csiro%253A58916v1,,6-6
C006,Beef,P1,"RecBov51c dataset (Weber et al., 2020)",Convolutional neural network-based individual animal recognition,AHD 720p images extracted from videos,Controlled semi-natural environment at NUBOPAN in Brazil's Pantanal region; afternoon hours with cattle flow through exit; four cameras at picket exit,"51 individual Pantaneira cattle, 27,849 AHD 720p images",Images classified into 51 distinct classes,Automated identification systems for improved animal welfare in research and farming,不确定,半开放牛场,白天RGB,no_box,27849,许可待核 | 需重标 | 帧冗余,medium,"51 individual Pantaneira cattle, 27,849 AHD 720p images; Images classified into 51 classes",牛体可见，可新增整牛 HBB；原为图像级分类,https://data.mendeley.com/datasets/8ysxtyf8p2/1,,7-7
C007,Beef,X,"CattNISDB dataset (Saygılı et al., 2024)",Cattle individual identification/recognition,Retinal fundus images (color digital),"Closed veterinary clinic environment at Kafkas University Faculty of Veterinary Medicine; challenging conditions (partial vascular visibility, lens fog, glare, poor lighting)","300 cattle across six breeds, 2430 images",Images tied to animal identities via encoding and folders,"Cattle individual identification/recognition to prevent theft/fraud, enhance animal welfare, productivity, safety",不确定,实验受控,人工照明,no_box,2430,许可待核,high,Retinal fundus images (color digital); Images tied to animal identities,视网膜图像，模态不可用,https://www.kaggle.com/datasets/animalbiometry/cattle-retinal-fundus-images,,8-8
C008,Beef,X,"Beef Cattle Muzzle Image Dataset (Li et al., 2022a).","Individual identification, precision livestock management, animal biometrics, computer vision, machine learning-based individual beef cattle identification",Manually cropped RGB muzzle images,"Natural outdoor feedlot conditions, University of Nebraska-Lincoln Eastern Nebraska Research Extension and Education Center; varying angles of view, lighting, natural animal behaviors","268 US mixed-breed finishing beef cattle, 4923 manually cropped RGB muzzle images",Individual cattle ID labels verified via ear tags,"Precision livestock management, animal biometrics, computer vision, machine learning-based individual beef cattle identification",不确定,半开放牛场,白天RGB,body_part,4923,许可待核,high,Manually cropped RGB muzzle images; Individual cattle ID labels verified via ear tags,吻部裁剪特写，牛体不在画面内,https://doi.org/10.5281/zenodo.6324360,,9-9
C009,Beef,P2,"UAV Cattle Pasture Datasets (Shao et al., 2020)","Automated cattle detection and counting, grazing management",Aerial RGB images (from quadcopter),"Grassland environments from high-altitude views in Aso, Kumamoto, Japan",Dataset 1: 212 individual cattle targets; Dataset 2: 6 individuals,"Manual annotations: top-left corner coordinates, width/height of bounding boxes, unique cattle IDs, quality labels",Automated cattle detection and counting via CNNs and 3D merging with SfM for grazing management,航拍高空,户外草场,白天RGB,whole_animal_hbb,,许可待核,low,Dataset 1: 212 individual cattle targets; Dataset 2: 6 individuals,整牛框但size只给目标数，图像数待核,https://bird.nae-lab.org/cattle/,,10-10
C010,Beef,P0,"BR Cattle Dataset (Soares et al., 2021)",Automated cattle detection and duplicate-free counting,Georeferenced aerial high-resolution RGB photographs,"Six Brazilian farms; diverse conditions including varying lighting and shadows, animal postures, heterogeneous environments of large pastures","5,058 georeferenced aerial images depicting approx. 2,900 cattle","Manually delineated bounding boxes labeled as ""cattle"" class",Livestock monitoring via automated cattle detection and duplicate-free counting in extensive areas,航拍高空,户外草场,混合,whole_animal_hbb,5058,许可待核,high,"Manually delineated bounding boxes labeled as ""cattle"" class",航拍整牛单类框，规模充足,https://vhasoares.github.io/downloads.html,,11-11
C011,Beef,P0,"Cattle Detection Dataset (Wu et al., 2024)","Computer vision applications in precision livestock farming, such as animal counting, tracking, and behavior recognition",RGB video frames (from continuous surveillance footage),"Commercial cattle farm; diverse conditions including nighttime infrared illumination, morning brightness, daytime activity, evening high-intensity farm lighting","6,529 frames featuring 26,420 cattle instances","Semi-automatically generated using zero-shot Referring and Grounding models, followed by manual auditing with VGG Image Annotator","Computer vision applications in precision livestock farming, such as animal counting, tracking, and behavior recognition",高位斜俯视,半开放牛场,混合,whole_animal_hbb,6529,许可待核 | 帧冗余,medium,"6,529 frames featuring 26,420 cattle instances; manual auditing with VGG Image Annotator",半自动生成但经人工审核，框语义为整牛,https://github.com/wuyiqii/Accelerated-Data-Engine,,12-12
C012,Beef,X,"Aerial Livestock Dataset (Han et al., 2019)",Livestock detection and counting,High-resolution aerial RGB images,Grassland environments from high-altitude views (quadcopter); three parts by increasing detection difficulty,4996 annotated livestock instances across 89 high-resolution aerial RGB images,"Axis-aligned rectangular bounding boxes per instance labeled generically as ""livestock""",Livestock detection and counting for grassland forage-livestock balance monitoring and overgrazing surveillance,航拍高空,户外草场,白天RGB,whole_animal_hbb,89,许可待核 | 规模偏小 | 非牛混入,high,4996 annotated livestock instances across 89 high-resolution aerial RGB images,仅89图<220；类为泛称livestock含多物种,https://github.com/hanl2010/Aerial-livestock-dataset/releases,,13-13
C013,Beef,X,"Beef Cattle PCD Dataset (Hou et al., 2023)",Body weight prediction,3D surface point clouds,Controlled indoor conditions in a cowshed passage; individual cattle slowly walked through a door-like hallway; IFM O3D303 industrial ToF LiDAR camera,"100 adult beef cattle, 2106 PCDs (augmented from 100 original)",Semantic-segmentation-editor tool used to label three surface feature regions,Body weight prediction using deep learning models,不确定,室内牛舍,人工照明,mask_or_kpt_only,,许可待核,high,3D surface point clouds; Semantic-segmentation-editor tool used to label three regions,纯点云模态，无可用牛体图像,https://github.com/colorful-days/0724/tree/master/data,,14-14
C014,Beef,P2,"3D body model dataset for Aberdeen-Angus cattle (Ruchay et al., 2022)","Automated non-contact body measurement, Marker-Assisted Selection, correlating constitution/exterior with productivity/genetics","Synchronized raw RGB images and depth maps, restored and aligned point clouds",Indoor controlled environment of a feed passage setup; three Microsoft Kinect v2 cameras,96 Aberdeen-Angus cattle,Derived quantitative phenotypic landmarks and parameters from point cloud processing,"Automated non-contact body measurement, Marker-Assisted Selection, correlating constitution/exterior with productivity/genetics",多视角,室内牛舍,人工照明,mask_or_kpt_only,,许可待核 | 需重标 | 框语义待核,medium,"Raw RGB images and depth maps, restored point clouds; phenotypic landmarks",牛体是否完整可见及图像数均未知，仅96头动物数,https://github.com/ruchaya/CowDatabase2,,15-15
C015,Beef,X,"Cattle Muzzle Pattern Dataset 300 (Pathak & Prakash, 2025)",Cattle identification,Photographic (face and muzzle features),"Controlled environment, daylight, good lighting, cattle heads fixed in head scoop","2,900 images",Balanced with 7–12 images per cattle class,"Livestock management, theft prevention, ownership verification, animal welfare, healthcare, insurance tracking",不确定,实验受控,白天RGB,body_part,2900,许可待核,high,Photographic (face and muzzle features); cattle heads fixed in head scoop,面部/吻部特写，牛体不在画面内,https://www.kaggle.com/datasets/prashantpathak26/cmpd300face,,16-16
C016,Beef,X,"CMPD268 (Pathak & Prakash, 2025)",Cattle identification,Muzzle images,"Unconstrained environment (initially), then manually cropped","4,923 muzzle images",Manually cropped to isolate the muzzle area,Examining generalizability of muzzle feature networks,不确定,不确定,不确定,body_part,4923,许可待核 | 同源待核,high,Muzzle images; Manually cropped to isolate the muzzle area,吻部裁剪特写；4923张与C008/C045疑似同源,https://www.kaggle.com/datasets/prashantpathak26/cmpd268,,18-18
C017,Beef,X,"CMPD568 (Pathak & Prakash, 2025)",Cattle identification,Mixed photographic (face and muzzle),Mixed,Combined size of CMPD300 and CMPD268,Mixed,Assessing performance and generalizability of cattle identification techniques,不确定,不确定,不确定,body_part,,许可待核 | 框语义待核 | 同源待核,medium,Mixed photographic (face and muzzle); Combined size of CMPD300 and CMPD268,面部/吻部特写合集，牛体不在画面内；为C015+C016合并,https://www.kaggle.com/datasets/prashantpathak26/cmpd568m,,20-20
C018,Beef,X,"Pasture Parameter Estimation Dataset (Defalque et al., 2024)","Parameter Estimation, Prediction","Multispectral band signals, Vegetation indices, Meteorological data","Two paddocks (one with 4 cattle, one without animals) at Federal University of Mato Grosso do Sul, Brazil",312 samples over ~12 months,"Manual integration of weather station data, filtering for cloud removal and atmospheric correction","Estimating pasture parameters, studying pasture growth and nutritional behaviors, developing ML/AI models for livestock and agriculture management",不确定,户外草场,不确定,no_box,,许可待核,high,"Multispectral band signals, Vegetation indices, Meteorological data",无图像，纯信号/气象数据,https://data.mendeley.com/datasets/8tjgtkktky/5,,22-22
C019,Beef,X,"Cattle Rib-Eye Ultrasound Dataset (Melo et al., 2022)",Automatic Segmentation,Ultrasound images,"Federal University of Mato Grosso do Sul, Campo Grande, MS, Brazil",67 gray-scale ultrasound images (from 67 Bos taurus taurus animals),"Expert-generated manual annotation (""Ground Truth"" with rib-eye area delineated by white pixels)",Research in applying deep learning techniques for precise and automatic segmentation of cattle rib-eye area (estimating meat quality traits),不确定,不确定,不确定,mask_or_kpt_only,67,许可待核 | 规模偏小 | 需重标,high,67 gray-scale ultrasound images; rib-eye area delineated by white pixels,超声图分割，非整牛；67图<220,https://sites.google.com/view/geomatics-and-computer-vision/home/datasets,,23-23
C020,Beef,P0,"Beef Cattle dataset (Zhang, 2026)","Object Detection, Keypoint Detection, Re-identification",Images (dorsal views),"Fattening farm in Gansu Province, China (natural lighting)","BECA-D: 16,889 images from 5,661 cattle; BECA-L: 12,172 annotated images from 103 cattle",Object detection and pose estimation: VGG Image Annotator; Re-identification: Similarity-driven simulation-optimization heuristic,"Precision livestock farming (monitoring animal welfare, behavior, health), animal recognition, behavior analysis, intelligent monitoring systems",高位斜俯视,半开放牛场,白天RGB,whole_animal_hbb,16889,许可待核,medium,"Object Detection, Keypoint Detection, Re-identification; BECA-D: 16,889 images from 5,661 cattle",含整牛检测框，规模大；url字段为空,,,24-24
C021,Beef,X,"AI Hub dataset (Lim & Song, 2025)","Automated Beef Carcass Grading, Classification, Segmentation","RGB images, Segmentation masks",Not specified (beef carcass cross-sectional images),"77,899 RGB images","Categorical quality grades, ground truth segmentation masks (combination of automatic and manual labeling using OpenCV)",Training and evaluating one-stage and two-stage classification models for automated beef carcass grading,不确定,不确定,不确定,mask_or_kpt_only,77899,许可待核,high,"RGB images, Segmentation masks; beef carcass cross-sectional images",牛胴体横截面，无可辨识整牛,https://aihub.or.kr,,25-25
C022,Beef,X,"Meat Freshness Image Dataset (Büyükarıkan, 2024)","Objective Detection of Beef Quality, Feature Extraction",RGB images,Not specified,"2266 RGB images (resized to 224x224), 6798 augmented images",Implicitly annotated based on freshness classification,Objective detection of beef quality,不确定,不确定,不确定,no_box,2266,许可待核,high,Objective Detection of Beef Quality; Implicitly annotated based on freshness classification,肉品新鲜度分类，无牛体图像,https://www.kaggle.com/datasets/vinayakshanawad/meat-freshness-image-dataset,,26-26
C023,Beef,X,"cattle retinal fundus images dataset (Cihan et al., 2025)",Cattle Identification and Recognition,Retinal images (grayscale from green channel of RGB),Not specified (ethical approval from Kafkas University Animal Experiments Local Ethics Committee),"1110 good quality retinal images (selected from 2430, from 300 cattle)",Lacks explicit ground truth annotations for deep learning (future plans to address this),"Biometric authentication for animals, offering humane and secure alternative to traditional identification methods",不确定,不确定,不确定,no_box,1110,许可待核 | 同源待核,high,"1110 good quality retinal images (selected from 2430, from 300 cattle)",视网膜图像；与C007同URL同批次2430，疑似重复,https://www.kaggle.com/datasets/animalbiometry/cattle-retinal-fundus-images,,27-27
C024,Beef,P0,"Beef Cattle Behavior Recognition Dataset (Cao et al., 2025)","Behavior Recognition, Target Detection, Target Tracking",Image and video data,Captive barn,"500 recorded video clips, 2000 target detection image samples, >4000 target tracking image samples, >10G of video frame sequences","Semi-automated (YOLOv8, ByteTrack for coordinates/identity codes, manual labeling with FFmpeg)","Improving breeding plans, management strategies, efficiency, and financial gains in the beef cattle industry",高位斜俯视,室内牛舍,人工照明,whole_animal_hbb,2000,许可待核 | 帧冗余,medium,"Target Detection, Target Tracking; 2000 target detection image samples",整牛检测样本2000张，另有>4000跟踪样本,https://www.kaggle.com/datasets/lucyfirst/beef-cattle-behavior-data-set,,28-28
C025,Beef,P2,"cow behavior dataset (Bartels et al., 2022)","Cow Behavior Distribution Estimation, Behavior Classification","Tri-axis accelerometer data, Labeled video footage","Shinshu University farm in Nagano, Japan (farm pens and grass fields)",197 minutes of high-quality labeled video footage (from 6 adult Japanese black beef cows),"Three experts labeled video footage, assigning categorical labels",Training and validation of neural networks for cow behavior distribution estimation (detecting changes for health),不确定,半开放牛场,白天RGB,no_box,,许可待核 | 需重标,medium,"Tri-axis accelerometer data, Labeled video footage; 197 minutes ... 6 adult cows",视频中牛体或可见，但size仅给时长，图像数待核,https://zenodo.org/records/5849025,,29-29
C026,Beef,P0,"Dataset for Cattle Behavior Analysis 1.0 (Ahmed et al., 2025)",Behavioral Analysis,Video frames (jpg image files),Open-pen setting,"92,592 labeled video frames","Bounding boxes around cattle, labeled for standing, feeding, resting, walking behaviors using CVAT. Semi-automatic annotation.","Cattle behavior identification, improving animal welfare, preventive health management, optimizing daily operations, monitoring behavior duration for anomaly detection.",高位斜俯视,半开放牛场,白天RGB,whole_animal_hbb,92592,许可待核 | 帧冗余,high,"92,592 labeled video frames; Bounding boxes around cattle, labeled for standing, feeding",整牛框+行为标签，规模大,https://archive.org/details/cattle_behavior_dataset,,30-30
C027,Beef,P2,"COWDepth2023 (Sharma et al., 2024)","Animal Identification and Re-identification, Production Management and Productivity Monitoring","16-bit depth and 8-bit RGB streams, point clouds","Ceiling-mounted camera facing down, likely towards a milking parlor",Approximately 50 GB,"Segmented raw depth/RGB pairs for individual cows, visual comparison of coat patterns for mislabeled animals.","Universal bovine identification, 3D surface features for contact-free cattle identification, open-set identification.",顶部俯视,室内牛舍,人工照明,mask_or_kpt_only,,许可待核 | 需重标 | 框语义待核,medium,Approximately 50 GB; Segmented raw depth/RGB pairs for individual cows,顶视牛体或可见；size仅50GB，图像数待核,https://doi.org/10.5523/bris.34y6jvfc7u89w1y9dgw94ydo7x,,31-31
C028,Beef,P2,"CowDatabase3 (Ruchay et al., 2025)",Production Management and Productivity Monitoring,"RGB-D images, depth maps, point clouds","Feedlot in the Kostroma region, Russia",Comprehensive parameters from 260 young cattle,"RFID-ID numbers, real-time animal weight, measurements from 3D models (hip height, withers height, chest width, chest height), ultrasound measurements, slaughter characteristics. Key points on 3D models for linear morphological features.","Optimizing beef productivity, developing regression models for predicting production parameters, precision livestock breeding.",不确定,半开放牛场,不确定,mask_or_kpt_only,,许可待核 | 需重标,medium,"RGB-D images, depth maps, point clouds; Key points on 3D models ... 260 young cattle",牛体是否完整可见及图像数待核，仅给动物数,https://github.com/ruchaya/CowDatabase3,,32-32
C029,Beef,P2,Aberdeen Angus Cattle Morphological Trait Dataset,Production Management and Productivity Monitoring,"RGB-D images, depth maps, point clouds","Feedlot in the Kostroma region, Russia",Comprehensive parameters from 260 young cattle,"RFID-ID numbers, real-time animal weight, measurements from 3D models (hip height, withers height, chest width, chest height), ultrasound measurements, slaughter characteristics. Key points on 3D models for linear morphological features.","Optimizing beef productivity, developing regression models for predicting production parameters, precision livestock breeding.",不确定,半开放牛场,不确定,mask_or_kpt_only,,许可待核 | 需重标 | 同源待核,medium,Key points on 3D models for linear morphological features; 260 young cattle,字段与C028完全相同，疑似重复；牛体可见性及图像数待核,,,33-33
C030,Beef,X,"Cattle Face Recognition Dataset (Ruchay et al., 2024)",Animal Identification and Re-identification,Raw RGB images,"Indoors on commercial farms in Voronezh Region, Russia, controlled conditions.",315 raw RGB images of 91 Aberdeen Angus cattle,"Image preprocessing (contrast stretching, histogram equalization, gamma correction, unsharp masking, high boost filtering), face detection using YOLOv8, resizing, pixel normalization.","Cattle face recognition using deep transfer learning and data augmentation, enhancing herd management, optimizing feeding and treatment, improving productivity.",不确定,室内牛舍,人工照明,body_part,315,许可待核 | 规模偏小,high,315 raw RGB images of 91 Aberdeen Angus cattle; face detection using YOLOv8,脸部特写框，牛体不在画面内；315图<500,https://github.com/ruchaya/cattle_face,,34-34
C031,Beef,P0,"Multi-camera Multi-cow Tracking Dataset (Xu et al., 2025a)","Animal Identification and Re-identification, Species Recognition and Movement Tracking",Video and image data,"Commercial farm in Yangling, Shaanxi Province, China, within a 22 m × 10 m loafing area.","48 videos, 4,253 images for detection.","Cow detection using labelImg, cow tracking using DarkLabel (track_id consistency).",Accurate cow detection and robust multi-camera multi-cow tracking.,多视角,半开放牛场,不确定,whole_animal_hbb,4253,许可待核 | 帧冗余,medium,"48 videos, 4,253 images for detection; Cow detection using labelImg",多相机labelImg整牛框，检测图像4253,https://github.com/XingshiXu/MCMCT,,35-35
C032,Beef,P2,"Cattle Herd Satellite Imagery Dataset (Efunogbon et al., 2025)",Species Recognition and Movement Tracking,High-resolution satellite images,British farmlands and Sub-Saharan settlements in Nigeria,260 high-resolution satellite images,"Pre-processed exemplar images with manually annotated red outlines for cattle-containing regions, text prompts.",Monitoring pastoralist movements in Sub-Saharan Africa to address farmer–herder conflicts and food security.,航拍高空,户外草场,不确定,unclear,260,许可待核 | 框语义待核 | 规模偏小,low,260 high-resolution satellite images; manually annotated red outlines for cattle regions,仅区域轮廓非个体整牛框；260张落220-300灰区,https://github.com/devopstaiwo/phd_enhanced-clip_data,,36-36
C033,Beef,P1,"UAV-based LiDAR and RGB Cattle Dataset (Wang et al., 2025a)","Species Recognition and Movement Tracking, Production Management and Productivity Monitoring","Segmented, colorized 3D point clouds, RGB instances, numerical data from feature extraction, ground truth body weight measurements.","Xinshiji commercial farm in Changge County, Henan Province, China","3,823 RGB images, 173 UAV images, 38 point clouds",Agisoft Metashape and labelImg for annotations.,"Cattle body weight estimation, individual identification, developing and testing algorithms in precision livestock farming.",不确定,半开放牛场,白天RGB,whole_animal_hbb,3823,许可待核 | 框语义待核,medium,"3,823 RGB images, 173 UAV images, 38 point clouds; Agisoft Metashape and labelImg",点云与RGB混合，labelImg框范围待复核,https://zenodo.org/records/13364663,,37-37
C034,Beef,X,"Image dataset for cattle biometric detection and analysis (Bai et al., 2024)","Animal Identification and Re-identification, Production Management and Productivity Monitoring","PNG images, Excel tables (numerical data)","Breeding enclosures in Tongliao, Inner Mongolia, China (sunny, open pasture environment).","144 images (72 back views, 72 side views)","Biometric annotations of four key measurement points (oblique body length, heart girth, withers height, hip length), manually assigned image labels.","Training deep learning models for automated livestock monitoring systems (breed identification, posture and weight estimation, health status monitoring, body condition assessment, early disease detection, genetic improvement, ethological/ecological research).",多视角,户外草场,白天RGB,mask_or_kpt_only,144,许可待核 | 规模偏小 | 需重标,high,"144 images (72 back views, 72 side views); four key measurement points",144图<220；标注为体尺关键点无整牛框,https://data.mendeley.com/datasets/h2s22wr5py/2,,38-38
C035,Beef,P2,"Cow mounting behaviour detection dataset (Li et al., 2024a)",Behavioral Analysis,Video frames (images),"Outdoor exercise area at Shengkang Animal Husbandry in Lindian County, Heilongjiang Province; FuRui pasture in Harbin, Heilongjiang Province.",9392 images (8550 labeled for training/evaluation),Manually annotated cow mounting behavior areas using labelImg.,Developing and evaluating computer vision models to enhance ranch management and advance smart pasture development.,高位斜俯视,户外草场,白天RGB,unclear,9392,许可待核 | 框语义待核 | 帧冗余,low,9392 images; Manually annotated cow mounting behavior areas using labelImg,labelImg画的是行为区域框，是否整牛框含糊,https://github.com/IPCLab-NEAU/Cows-Mounting-Behavior-Detection,,39-39
C036,Beef,P1,"Cattle Grazing Behavior and Vegetation Dynamics Dataset (Wang et al., 2025b)",Behavioral Analysis,"Multispectral aerial photographs (blue, green, red, red-edge, near-infrared bands), GPS-derived behavioral data, observer-recorded annotations.","Fenced grazing experiment in Jinhua Village, Hainan Province, China","Estimated 4140 multispectral images, GPS data, continuous observer-recorded annotations.","Continuous observer-recorded annotations of cattle behaviors (foraging, standing, walking, resting, rumination) by trained observers.","Developing and validating machine learning models for cattle foraging behavior classification, informing adaptive management strategies for sustainable grassland utilization.",航拍高空,户外草场,不确定,no_box,4140,许可待核 | 需重标,low,Estimated 4140 multispectral images; observer-recorded annotations of cattle behaviors,航拍牛体或可见，可新增整牛 HBB；多光谱非RGB待核,https://data.mendeley.com/datasets/jnfv29y57t/1,,40-40
C037,Beef,P2,"Custom Aerial Cow Dataset (Adam et al., 2025)",Species Recognition and Movement Tracking,High-resolution aerial images,"Various locations in Gombe State, Nigeria, featuring diverse environmental conditions.",270 high-resolution aerial images,Manually annotated using LabelImg.,UAV-based livestock monitoring and the development of automated detection systems.,航拍高空,户外草场,白天RGB,whole_animal_hbb,270,许可待核 | 规模偏小,high,270 high-resolution aerial images; Manually annotated using LabelImg,有整牛框，但270张落220-300灰区,https://github.com/heartzeey/LivestockDetection_Experiments,,41-41
C038,Beef,P0,"Cattle Movement and Behavior Dataset (Lopez et al., 2025)",Behavioral Analysis,Raw video footage,Pasture environment in central Texas,"Approximately 132 hours of raw video footage, yielding 39,364 annotated frames","Bounding boxes for ""bovine,"" classifications for nine specific behaviors, movements, and emotions using CVAT.","Predicting cattle behavior, movement, and emotion on pasture.",高位斜俯视,户外草场,白天RGB,whole_animal_hbb,39364,许可待核 | 帧冗余,high,"39,364 annotated frames; Bounding boxes for ""bovine"", nine specific behaviors",整牛单类bovine框+行为，规模大,https://github.com/adl05/CM-Model,,42-42
C039,Beef,X,"Cattle Face Recognition Dataset (Xiao et al., 2025)",Animal Identification and Re-identification,Cropped cattle face images,"Three farms in Jilin Province, China (diverse natural environments, rearing conditions, backgrounds, angles, and lighting conditions).","14,047 cropped cattle face images",XML files with bounding box coordinates for the cattle face and class labels using LabelImg.,"Cattle identity verification, insurance, traceability.",不确定,半开放牛场,混合,body_part,14047,许可待核,high,Cropped cattle face images; XML files with bounding box coordinates for the face,脸部特写框，牛体不在画面内,https://pan.baidu.com/s/1wHKT-6R6B9OtxaYZ2N4MOw?pwd=6ckt,,43-46
C040,Beef,P2,"Japanese Black Beef Cow Behavior Classification Dataset (Shebiah & Arivazhagan, 2024)",Behavioral Analysis,"Triaxial accelerometer sensor data, 4K video camera recordings","Shinshu University cow farm in Nagano, Japan (grass field and farm pens).","Not specified (accelerometer data, video recordings)","Behavior experts and non-experts labeled 197 minutes of video data to synchronize with accelerometer timestamps, categorizing 13 observed behaviors.","Cow behavior classification, animal behavior analysis, understanding physiological and emotional states of cattle.",不确定,半开放牛场,不确定,no_box,,许可待核 | 需重标,medium,"Triaxial accelerometer sensor data, 4K video camera recordings; Not specified",4K视频中牛体或可见，但size未给规模待核；与C025疑似同源,https://doi.org/10.1371/journal.pone.0203546.s001,,47-52
C041,Beef,X,"CattleFace-RGBT dataset (Coffman et al., 2024)","Animal Identification and Re-identification, Health Monitoring and Disease Diagnosis",RGB and thermal facial image pairs,Agricultural facility,"4,600 total images","13 key points on critical facial features (eyes, ears, muzzle, nostrils, mouth) using a custom C# annotation tool, JSON format.","Cattle welfare, understanding animal expressions, detecting fever, monitoring physical health, discerning respiratory signs, assessing thermal states.",不确定,实验受控,混合,mask_or_kpt_only,4600,许可待核,high,"RGB and thermal facial image pairs; 13 key points ... (eyes, ears, muzzle, nostrils, mouth)",面部关键点特写，牛体不在画面内,https://github.com/UARK-AICV/CattleFace-RGBT-benchmark,,53-53
C042,Beef,P1,"Cattle Weight Estimation Dataset (Bai et al., 2025a)",Production Management and Productivity Monitoring,"RGB image data (side views, rear views), Excel tables (numerical data: body measurements, actual body weight).",Ningxia Benwang beef cattle breeding farm; shedding environment.,Dataset 1: 2550 samples; Dataset 2: 1400 samples,Colored paint marks by experts for manual body measurements.,"Cattle weight estimation, practical for individual cattle farmers using photographic methods.",多视角,室内牛舍,不确定,no_box,3950,许可待核 | 需重标,medium,"RGB image data (side views, rear views); Colored paint marks by experts for body measurements",侧/后视整牛可见，可新增整牛 HBB；样本口径待核,https://doi.org/10.1016/j.dib.2024.110835,,54-54
C043,Beef,X,"Cattle Identification Dataset (Roy & Raman, 2025)",Animal Identification and Re-identification,Images (muzzle and face of cattle),Not specified,5224 images,"Implied annotation by belonging to specific individual cattle, pre-processing (auto-orientation, resizing, auto-contrast), augmentation (horizontal flips, rotations, shears, brightness/exposure, Gaussian blur, salt and pepper noise).","Robust cattle identification in dynamic agricultural settings, real-time edge device applications.",不确定,不确定,不确定,body_part,5224,许可待核,high,modality: Images (muzzle and face of cattle); task: Animal Identification and Re-identification,鼻纹/脸部特写，牛体不在画面内，撞§1.2红线,https://github.com/RahulRaman2/Indian-Cattle-Biometric-Database,,55-55
C044,Beef,P2,"Cattle Body Measurement Dataset (Y. Wang et al., 2024)",Production Management and Productivity Monitoring,"LiDAR point clouds, RGB images","Xinshiji commercial farm in Changge County, Henan Province, China",275 individual cattle point clouds,"Six body measurements extracted (abdomen width, hip height, back height, waist height, withers height, morphological backbone length). Automated segmentation.","Automated retrieval of cattle body measurements for growth management (body weight estimation, body condition score), training 3D neural networks.",不确定,半开放牛场,不确定,mask_or_kpt_only,,许可待核 | 需重标,medium,275 individual cattle point clouds; Six body measurements extracted ... Automated segmentation,牛体是否完整可见及图像数待核，仅给动物数,https://doi.org/10.5281/zenodo.10822500,,56-56
C045,Beef,X,"Cattle Muzzle Image Dataset (Kimani et al., 2023)",Animal Identification and Re-identification,Muzzle images (resized to 300x300 pixels),Natural grazing environment,4923 muzzle images,"Implicit annotation by belonging to specific individual cattle, organized into directory structure.","Cattle identification, disease tracking, insurance claims, collateral for financial loans, assisting public health officials and security agencies.",不确定,户外草场,不确定,body_part,4923,许可待核 | 同源待核,high,modality: Muzzle images (resized to 300x300 pixels); 4923 muzzle images,鼻纹(muzzle)特写，牛体不在画面内；4923张与C008/C016疑似同源,https://zenodo.org/records/10535934,,57-57
C046,Beef,P2,"Multi-species Livestock 3D Morphometry Collection (Lu et al., 2025a)",Production Management and Productivity Monitoring,"RGBD images, restored point clouds","Farming environments (cattle walking along passageway), ranch in Beijing, China (horses).",Data from 245 animals,"Manually measured morphological traits by an expert, body measurements extracted directly from point cloud data.","Rapid, objective, and accurate method for automated body measurements in livestock.",地面侧视,室内牛舍,不确定,mask_or_kpt_only,,许可待核 | 需重标 | 非牛混入,medium,"RGBD images, restored point clouds; Data from 245 animals; (horses)",牛体是否完整可见及图像数待核；含马多物种,https://github.com/luhexiao/BM-GCN,,58-58
C047,Dairy,P1,"Holstein Cattle Side-View Benchmark Dataset (Bhole et al., 2019)","Biometric individual identification, non-invasive computer vision pipelines for farm animal monitoring, health/performance tracking, precision agriculture, supervised classification",RGB and thermal images,"Dairy Campus milking station in Leeuwarden, Netherlands; milking station aisle with occlusions","136 individual Holstein cows, 1237 unique pairs of RGB and thermal images",Class labels assigning each image to one of 136 individual cow identities,"Biometric individual identification, farm animal monitoring, health/performance tracking, precision agriculture",地面侧视,室内牛舍,混合,no_box,1237,许可待核 | 需重标,medium,"136 individual Holstein cows, 1237 unique pairs",侧视牛体主要可见但仅136类身份标签，需补整牛HBB；通道有遮挡，与C048同DOI疑重复,https://doi.org/10.34894/7M108F,,2-2
C048,Dairy,P1,"Holstein cattle side-view RGB-thermal dataset (Bhole et al., 2022)","Individual cattle recognition and monitoring applications, breed association, welfare assessment, disease control, weighing, traceability","Side-view RGB images, thermal images, MSX images, CORF3D contour maps","Real-farm conditions post-milking, Dairy Campus milking parlor exit in Leeuwarden; camera at 1.5 m height, 4-5 m distance","383 individual Holstein cows, 3694 paired RGB and thermal images","383-class cow identity labels for classification tasks, segmentation masks","Individual cattle recognition and monitoring, breed association, welfare assessment, disease control, weighing, traceability",地面侧视,室内牛舍,混合,mask_or_kpt_only,3694,许可待核 | 需重标,medium,383-class cow identity labels; segmentation masks,侧视牛体可见，掩膜需转整牛HBB；与C047同DOI同库，疑似重复条目,https://doi.org/10.34894/7M108F,,3-3
C049,Dairy,X,"Cattle Biometrics Dataset (Ahmed et al., 2024)","Animal recognition, livestock tracking, welfare monitoring, agriculture, veterinary sciences, computer vision, pattern recognition, traceability in meat/dairy industries, genetic studies, automated management","Raw images in JPG and PNG formats (muzzle images, full faces)",Cattle markets and farms in Pakistan; early morning hours; different quality cameras,2893 raw images from 459 distinct cows,"Manually performed using LabelImg software to draw bounding boxes around muzzles labeled ""muzzle""","Individual identification (muzzle as biometric characteristic), animal recognition, livestock tracking, welfare monitoring, agriculture, veterinary sciences, computer vision, pattern recognition, traceability, genetic studies, automated management",不确定,不确定,不确定,body_part,2893,许可待核,high,"bounding boxes around muzzles labeled ""muzzle""",仅鼻口局部框，牛体不在画面内，触框语义红线,https://zenodo.org/records/10535934,,4-4
C050,Dairy,P2,"Livestock body condition score datasets (Zhang et al., 2023)","Automated, contactless BCS evaluation",Depth images,"Controlled farm conditions (milking parlors, individual restraining cages, free movement); Microsoft Kinect v2 RGB-D camera","Depth images from 203 dairy cows, 201 pigs, and 103 beef cattle (one best-quality frame per individual)",Expert-evaluated BCS ground truth and automated keypoints for ROI extraction,"Automated, contactless BCS evaluation via the universal LShapeAnalyser tool to assess fat reserves, health, nutrition, and management",多视角,实验受控,不确定,mask_or_kpt_only,,许可待核 | 规模偏小 | 非牛混入 | 框语义待核,low,"Depth images from 203 dairy cows, 201 pigs, 103 beef cattle",深度图牛体可见性不明；奶牛仅约203帧且混猪与肉牛，规模口径不清,https://gitee.com/kznd/lshape-analyser/tree/master/Dataset/beef,,5-6
C051,Dairy,P1,"Cattle Pose Estimation Dataset (Li et al., 2019)","Cattle pose estimation, behavior recognition, health analysis, intelligent livestock management",RGB images,"Outdoor field environment at the Animal Husbandry Teaching Test Base, Northwest Agriculture and Forestry University, Yangling, China","63 cattle, 2134 RGB images extracted from 219 MOV-format videos",16 manually annotated body keypoints,"Cattle pose estimation to support behavior recognition, health analysis, and intelligent livestock management",地面侧视,户外草场,白天RGB,mask_or_kpt_only,2134,许可待核 | 需重标 | 帧冗余 | 同源待核,medium,2134 RGB images from 219 MOV videos; 16 body keypoints,仅有16关键点需补整牛HBB；同属NWAFU，是否与已纳入NWAFU同源待核,https://github.com/MicaleLee/Database,,7-7
C052,Dairy,P1,"Multicow pose estimation dataset (Gong et al., 2022)","Non-contact multicow pose estimation, behavior classification, and precision farming health monitoring",RGB surveillance images (extracted from MP4 videos),"Dairy cow breeding site in Inner Mongolia Flag Animal Husbandry Co., Ltd.; two 5-megapixel infrared Hikvision cameras mounted at 4 m height overlooking a 35 m × 20 m open activity field","10 cows, 1800 manually annotated images (object and keypoint detection), 175 raw videos","16 body keypoints labeled as visible, invisible, or missing; tight bounding boxes, detailed keypoint skeletons","Non-contact multicow pose estimation, behavior classification, and precision farming health monitoring via YOLOv4 detection and OpenPose-inspired keypoint/PAF matching",高位斜俯视,半开放牛场,混合,whole_animal_hbb,1800,许可待核 | 需重标 | 帧冗余 | 框语义待核,medium,1800 annotated images; tight bounding boxes + keypoints,帧自MP4抽取；框与关键点并存，框是否整牛需复核,https://www.kaggle.com/twisdu/dairycow,,8-8
C053,Dairy,P1,"Cow-AMS Behavior dataset (Koskela et al., 2022)",Automated cow behavior recognition,Frames extracted from video footage,Teaching barn near an automatic milking station; wide-angle IP67-rated dome security camera mounted 3.3 m high,"Herd of approx. 50-60 dairy cows, 1,700,660 valid labeled images (nearly 19 hours of video)","Manual per-frame labeling via custom video player software for 10 mutually prioritized classes (undefined, human presence, frontal/lateral/vertical cow interactions, crowded, drinking, curiosity, queue, low visibility, normal)","Automated cow behavior recognition to monitor animal welfare indicators (aggression, exploration, human-animal interactions)",高位斜俯视,室内牛舍,人工照明,no_box,1700660,许可待核 | 需重标 | 帧冗余 | 实例密度低,medium,"1,700,660 valid labeled images; Manual per-frame labeling",仅图像级行为/场景类，牛体可见需补HBB；连续帧极冗余需按序列分层,https://zenodo.org/record/3981400%23.ZDVEXHZBxPY,,9-9
C054,Dairy,P1,"Raramuri Criollo cattle body condition score dataset (Winkler et al., 2024)","Automated, non-confining BCS estimation for cattle health monitoring",RGB+depth image pairs,"USDA-ARS Jornada Experimental Range in Las Cruces, NM; overhead-mounted Intel RealSense camera; hot desert conditions","131 cow recordings, 5940 RGB+depth image pairs",BCS annotations assigned visually by expert judges per recording,"Automated, non-confining BCS estimation for cattle health monitoring via vision transformers",顶部俯视,户外草场,白天RGB,no_box,5940,许可待核 | 需重标 | 帧冗余,medium,5940 RGB+depth image pairs; BCS by expert judges,俯拍牛体应可见但仅逐录像BCS标签，需新增整牛HBB；录像抽帧冗余,https://doi.org/10.5061/dryad.tqjq2bw4s,,10-10
C055,Dairy,P1,"MultiviewC dataset (Ma et al., 2024)",Multiview cattle detection and 3D object detection benchmarking,RGB images (from 7 calibrated cameras),Synthetic cattle farm scene generated with Unreal Engine 4.26; sunny lighting conditions,"15 cows, 3,920 images (720 × 1,280 pixel resolution)","Ground truth for 2D localization and 3D detection, including oriented Gaussian distributions for encoding location and orientation",Multiview cattle detection and 3D object detection benchmarking,多视角,实验受控,白天RGB,native_obb,3920,许可待核 | 框语义待核,medium,"Ground truth for 2D localization and 3D detection, oriented",Unreal合成场景有域差异；含朝向编码，需转整牛HBB,https://github.com/Robert-Mar/VFA,,11-11
C056,Dairy,X,"OpenCows2020 dataset (Andrew et al., 2021)","Cattle detection, localization, and open-set identification",Top-down RGB images,"In-barn indoor settings with statically affixed cameras and outdoor environments via UAV footage; diverse illumination, backgrounds, acquisition methods","46 individual Holstein-Friesian cattle; 3,707 whole images (detection and localization), 4,736 cropped torso regions (open-set identification)","Manual bounding boxes enclosing each cow's canonical torso per VOC 2012 guidelines, with identified labels for 46 individuals","Cattle detection, localization, and open-set identification without retraining for new herd additions; precision livestock farming for automated productivity, health/welfare monitoring, behavioral analysis, disease outbreak tracing",顶部俯视,室内牛舍,混合,whole_animal_hbb,3707,许可待核,high,"3,707 whole images (detection), 4,736 cropped torso regions",规范§1.4已知：与Cows2021同团队同牛群同场景，同源排除,https://data.bris.ac.uk/data/dataset/10m32xl88x2b61zlkkgz3fml17,,12-13
C057,Dairy,X,"Cows2021 dataset (Gao et al., 2021)","Self-supervised video-based biometric identification, animal re-identification, detection, and tracking",Still RGB images and videos,Top-down via an Intel RealSense D435 camera positioned 4 m above a farm walkway between milking parlour and holding pens; motion-triggered conditions post-milking,"186 Holstein-Friesian cattle (182 annotated), 10,402 still RGB images, 301 videos","Oriented bounding-box annotations (excluding head, neck, legs, and tail) manually applied to 13,165 non-clipped cattle torso instances, tracklet annotations from tracking-by-detection","Self-supervised video-based biometric identification of individual cattle via coat patterns, animal re-identification, detection, and tracking",顶部俯视,室内牛舍,人工照明,native_obb,10402,许可待核,high,"10,402 still RGB images; Oriented bounding-box annotations",Cows2021本尊，已在14项基准内，不重复计入,https://data.bris.ac.uk/data/dataset/4vnrca7qw1642qlwxjadp87h7,,14-15
C058,Dairy,X,"FriesianCattle2017 dataset (Andrew et al., 2017)","Automated Holstein Friesian cattle species detection/localisation, single-frame individual identification, and video-based identification",RGB top-down still images of dorsal coat patterns,Static Microsoft Kinect 2 camera above a barn walkway between holding pens and milking stations in a real indoor farming environment,940 RGB top-down still images from 89 distinct Holstein Friesian individuals,"Manually delineated ground-truth bounding boxes (VOC2012-aligned XML format), per-image individual class labels","Automated Holstein Friesian cattle species detection/localisation, single-frame individual identification, and video-based identification via deep learning",顶部俯视,室内牛舍,人工照明,whole_animal_hbb,940,许可待核,high,940 top-down stills from 89 Holstein Friesian cows,规范§1.4已知：与Cows2021同装置同通道，同源排除,https://data.bris.ac.uk/data/dataset/2yizcfbkuv4352pzc32n54371r,,16-17
C059,Dairy,P2,"CowDatabase (Ruchay et al., 2020)","Precise non-contact 3D shape recovery, body condition scoring, livestock automation","Raw depth maps, RGB images, restored point clouds",Indoor passageway to a feeding hall on a private farm in Russia's Nizhny Novgorod region; three Microsoft Kinect v2 cameras,"103 Hereford cattle, each with about 20 synchronized RGB-D frames per animal passage",Ground-truth manual measurements recorded in centimeters by experts,"Precise non-contact 3D shape recovery, body condition scoring, and livestock automation via computer vision",不确定,室内牛舍,不确定,no_box,,许可待核 | 框语义待核,low,restored point clouds; manual measurements in centimeters,以深度/点云与人工体尺为主，牛体可见性不明，图像数无法确定,https://github.com/ruchaya/CowDatabase,,18-19
C060,Dairy,X,"CattleEyeView dataset height (Ong et al., 2023)","Object detection, pose estimation, tracking, counting, and segmentation",Top-down RGB images,Overhead CCTV cameras mounted at 3.7m height; outdoor farm loading ramp environment,"753 distinct cow instances across 30,703 frames from 14 video sequences","24 annotated keypoints with visibility tags, body and head bounding boxes, and instance segmentation masks","Object detection, pose estimation, tracking, counting, and segmentation to assess health, growth, well-being, behaviors, lameness, gait, cleanliness, and weight",顶部俯视,户外草场,白天RGB,body_part,30703,许可待核 | 实例密度低 | 帧冗余,high,"753 cow instances in 30,703 frames; body+head boxes",规范§1.4已知：顶视通道冗余＋身体框与头框混杂＋实例密度低,https://github.com/AnimalEyeQ/CattleEyeView?tab,,20-20
C061,Dairy,X,"FriesianCattle2015 dataset (Andrew et al., 2016)","Automated, non-intrusive individual cattle identification",Dorsal RGB-D imagery (RGB and 16-bit depth data),"Real-world farm conditions at Wyndhurst Farm, Langford, UK; cows exiting milking parlour from overhead perspective","92 individual Holstein Friesian cattle, 764 RGB-D image pairs",Individual identities for image pair comparisons and feature-level distinctiveness ground truth,"Automated, non-intrusive individual cattle identification for machinised farming analytics, social monitoring, traceability, food production management",顶部俯视,室内牛舍,混合,no_box,764,许可待核,high,764 RGB-D image pairs; Individual identities for comparisons,规范§1.4已知：与Cows2021同装置同通道，同源排除,https://data.bris.ac.uk/data/dataset/wurzq71kfm561ljahbwjhx9n3,,21-22
C062,Dairy,X,"Cow Nose Image Pattern Database (Bello et al., 2020)",Cow recognition and identification,"High-resolution images of cow noses (color, often converted to grayscale)","Ministries of agriculture, forestry, and wildlife in Nigeria (low illumination, background patches, poor quality)","4,000 images",Automated using computer vision applications,"Cow recognition, animal biometrics, livestock management, combatting cow rustling",不确定,不确定,低照度,body_part,4000,许可待核,high,High-resolution images of cow noses; converted to grayscale,鼻纹局部特写，牛体不在画面内，触框语义红线,https://zenodo.org/records/4453834,,23-23
C063,Dairy,X,"Dairy Cow Behavior Dataset (Pongsanun et al., 2025)","Behavior Recognition, Classification","Time-series sensor data (tri-axial accelerometers and gyroscopes), Video footage","Stable conditions, estrus-related behaviors excluded","784,530 observations (from 7 dairy cows over 90 days)","Two trained observers independently reviewed 24-hour video recordings, labeling behaviors based on a standardized ethogram",Classification model development using supervised machine learning techniques for individual dairy cow behavior recognition,不确定,室内牛舍,不确定,no_box,,许可待核,medium,"Time-series sensor data (accel + gyro); 784,530 observations",主模态为传感器时序无可用图像，视频仅作行为标注参考,https://github.com/pongsanun,,25-25
C064,Dairy,P1,"CowXNet dataset (Lodkaew et al., 2022)",Automated Cow Estrus Detection,Video,"Chokchai Farm in Khao Yai, Thailand (top-view camera in a pen)","2,000 24-bit RGB TIFF images","Expert annotations for bounding boxes and key-points, along with recorded estrus or non-estrus behaviors",Development and evaluation of systems for automated detection of estrus behavior in dairy cows,顶部俯视,半开放牛场,白天RGB,whole_animal_hbb,2000,许可待核 | 框语义待核 | 帧冗余,medium,"2,000 RGB TIFF images; expert boxes and key-points",框与关键点并存，框是否为整牛待复核；自视频抽帧,https://github.com/dsmlr/CowXNet,,26-26
C065,Dairy,X,"Cattle Behavior Classification dataset (Li et al., 2021)",Cattle Behavior Classification,Inertial sensor time-series data,Normal living conditions without human disturbance,"530,485 data rows (approx. 5.89 hours) from 6 cows",High-quality manual classification and annotation (laborious process),"Cattle behavior classification (identifying feeding, walking, salting, ruminating, and resting)",不确定,不确定,不确定,no_box,,许可待核,high,"Inertial sensor time-series data; 530,485 rows from 6 cows",纯惯性传感器时序，无图像，触模态红线,https://zenodo.org/records/5399259,,27-27
C066,Dairy,P1,"Longitudinal dairy cow body weight prediction dataset (Bi et al., 2023)",Body Weight Prediction,Depth video data,Virginia Tech dairy complex (camera 2.95m above one-way exit lane),"40,405 depth images and corresponding depth map files",Manual labeling of cow contours using Labelme (supplementing Mask R-CNN pre-trained on COCO),Developing and evaluating algorithms for predicting cow body weight,顶部俯视,室内牛舍,不确定,mask_or_kpt_only,40405,许可待核 | 需重标 | 帧冗余 | 框语义待核,medium,"40,405 depth images; manual cow contour labeling via Labelme",深度视频＋轮廓掩膜，牛体可见性待核，需补整牛HBB,https://github.com/yebigithub/BW_dairy,,28-28
C067,Dairy,X,"Holstein2025 dataset (Shu et al., 2025)",Cow Face Recognition (detection and identification),Individual cow face images,"Commercial dairy farm in Beijing, China (fixed-position side-view surveillance cameras)",3915 individual cow face images (from 102 Holstein cows),"Ground-truth for cow faces, cropped face images aligned using object bounding box-based rotation",Benchmarking cow face recognition under real-world farming conditions,不确定,室内牛舍,不确定,body_part,3915,许可待核,high,3915 individual cow face images; cropped face images,牛脸特写检测与识别，牛体不在画面内,https://github.com/CVHub520/X-AnyLabeling,,29-29
C068,Dairy,P2,"Annotated thermal livestock dataset (Barrios et al., 2024)",Multi-object tracking and segmentation,Thermal images,"Two outdoor farms in Groningen and Wageningen, Netherlands (drone footage)","Not explicitly quantified, but thermal images extracted from videos",Manual outlining of every individual cow with a polygon using Computer Vision Annotation Tool,"Automated mammalian herbivore monitoring, multi-object tracking and segmentation tasks using deep learning",航拍高空,户外草场,红外,mask_or_kpt_only,,许可待核 | 需重标 | 框语义待核,medium,Not explicitly quantified; thermal images from videos,多边形掩膜需转整牛HBB；规模未量化，无法判规模,https://doi.org/10.5281/zenodo.6370315,,30-30
C069,Dairy,X,"MeatScan dataset (Gyening et al., 2025)",Binary Classification (fresh/spoiled meat),RGB images,"Diverse, real-world Ghanaian environments (open-air markets, butcher shops, cold storage facilities)","11,000 high-resolution RGB images, 4005 augmented images","Labeling images as ""fresh"" or ""spoiled"" based on visual cues, verified by trained data collectors","Training and evaluating deep convolutional neural networks for AI-driven meat inspection tools, real-world benchmark",不确定,不确定,不确定,no_box,11000,许可待核,high,"Binary Classification fresh/spoiled meat; 11,000 RGB images",肉品图像，画面内无可辨识牛体,https://doi.org/10.5281/zenodo.16764338,,31-31
C070,Dairy,X,"RuuviTag Calf Activity Dataset (Ouannes et al., 2025)","Activity Recognition, Behavior Monitoring",Triaxial acceleration data,"Commercial farm in Quebec, Canada","90,720,000 raw acceleration readings aggregated into 3,024,000 rows (from 5 female Holstein calves over 7 days)","Automatic (drinking events via automated milk feeder, standing/lying via rear leg AX3 y-axis accelerations and HMM)","ML-based real-time monitoring of dairy calf activity (detecting behaviors like drinking, standing up, lying down)",不确定,室内牛舍,不确定,no_box,,许可待核,high,"Triaxial acceleration data; 90,720,000 raw readings",纯加速度传感器数据，无图像,https://sites.google.com/view/paquetlab/miscellaneous/open-source-ruuvitag-calf,,32-32
C071,Dairy,X,"CowTeatVideo Benchmark (Zhang et al., 2022)","Teat-end Hyperkeratosis Assessment, Key Frame Extraction",Video data,Free-stall pens and 60-stall rotary parlor,"1691 Holstein dairy cows' videos (each averaging 2.47 GB, ~21,191 frames)",Expert verification for 32 support key frames (unsupervised few-shot learning approach),"Development of a digital framework for monitoring dairy cow health, specifically assessing teat-end hyperkeratosis to mitigate mastitis risk",不确定,室内牛舍,不确定,no_box,,许可待核 | 框语义待核,medium,"Teat-end Hyperkeratosis Assessment; ~21,191 frames/video",乳头端局部特写，牛体不在画面内；仅32帧经专家核验,https://github.com/YoushanZhang/UFSKFE,,33-33
C072,Dairy,X,"Cow Ear Tag Detection Dataset and Cow Ear Tag Recognition Dataset (Gao et al., 2024)",Animal Identification and Re-identification,"JPG images, video data; processed grayscale ear tag images","Diverse indoor and outdoor environments at a dairy farm in Ordos, Inner Mongolia, China, under varying conditions.",CEID-D: 2675 cow images; CEGD-R: 3238 processed grayscale ear tag images,CEID-D: TXT-format label files for ear tag regions using Labelimg. CEGD-R: Numbered areas on ear tags using Paddlelabel.,"Cow ear tag detection and recognition, individual cow detection, behavioral recognition, training text recognition models.",不确定,不确定,混合,body_part,2675,许可待核,high,TXT-format label files for ear tag regions using Labelimg,耳标区域框属部位框；另子集为灰度耳标图，图像数口径混合,https://www.kaggle.com/datasets/fandaoerji/cow-eartag-detection-dataset,,34-35
C073,Dairy,P0,"MmCows: A Multimodal Dataset for Dairy Cattle Monitoring (Choi et al., 2024)","Animal Identification and Re-identification, Behavioral Analysis, Health Monitoring and Disease Diagnosis","Ultra-wideband (3D location), IMU (head movement), pressure sensors, vaginal temperature sensors, ankle sensors, RGB image sequences, microclimate sensors, outdoor weather conditions, milk yield.",Agricultural Research Station at the University of Wisconsin–Madison,"4.8 million high-resolution RGB image frames; 20,000 annotated images","Cow identification (bounding boxes), 3D locations, behavior classification (lying, non-lying), head direction, lying/non-lying classifications.","Developing and evaluating machine learning models to enhance farm productivity, animal welfare, and environmental sustainability.",不确定,不确定,不确定,whole_animal_hbb,20000,许可待核 | 帧冗余,medium,"20,000 annotated images; Cow identification (bounding boxes)",多模态但含整牛ID框，规模足够；总帧480万，已标注2万，帧冗余需分层,https://github.com/neis-lab/mmcows,,36-36
C074,Dairy,P1,"MultiCamCows2024 (Yu et al., 2025)",Animal Identification and Re-identification,"Multi-camera video footage, cropped cow torsos, metadata (width, height).","Working farm, collected after animals departed an automatic milking system.","101,329 images","Manual integrity checks of tracklets, removal of invalid segmentations, daily merging of ID tags, self-supervised framework, COCO format annotations for initial cow detection.","Realistic dairy farm monitoring, automated re-identification, livestock management, behavior analysis, precision agriculture.",多视角,室内牛舍,不确定,whole_animal_hbb,101329,许可待核 | 同源待核 | 框语义待核 | 帧冗余,medium,cropped cow torsos; COCO annotations for cow detection,仅躯干裁剪＋COCO检测框，范围待核；挤奶后多相机，或与Cows2021同组,https://tinyurl.com/MultiCamCows2024,,37-37
C075,Dairy,X,"COw LOcalization dataset (Das et al., 2025)",Species Recognition and Movement Tracking,"Images, with varying lighting conditions (daylight, evening artificial light, near-infrared).",Indoor free-stall barn environment at the Virginia Tech Dairy Complex; 'ext_IMU' dataset from Inner Mongolia University.,"1,254 images, 11,818 cow instances; 250 images, 3,699 cow instances (ext_IMU).","Manually drawn bounding boxes in YOLO format, defining cow positions with class, center coordinates, width, and height (including partially occluded animals).","Non-intrusive cattle monitoring for precision farming (productivity assessment, health and welfare monitoring, veterinary research).",不确定,室内牛舍,混合,whole_animal_hbb,1254,许可待核,high,"1,254 images, 11,818 cow instances; YOLO format boxes",COLO已列入14项基准，不重复计入；另含ext_IMU子集250张,https://github.com/Niche-Squad/COLO/,,38-38
C076,Dairy,P1,"Lameness Detection Dataset (Russello et al., 2024)",Health Monitoring and Disease Diagnosis,Full-HD RGB-D stereo camera footage (video data),Outdoor passageway,"272 videos (approx. 62,000 frames)","Binary classification for lameness, 5-point locomotion scoring condensed to binary, 9 annotated anatomical keypoints using T-LEAP.",Binary classification of lameness in dairy cows.,地面侧视,半开放牛场,白天RGB,mask_or_kpt_only,62000,许可待核 | 需重标 | 帧冗余 | 框语义待核,medium,"272 videos (~62,000 frames); 9 keypoints via T-LEAP",仅9关键点无整牛框，需补画；跛行二分类，视频帧冗余,https://github.com/hrussel/lameness-detection,,39-39
C077,Dairy,P1,"Dairy Cow Lameness Hierarchy Dataset (Sheng et al., 2025)",Health Monitoring and Disease Diagnosis,Side-view videos,"The University of British Columbia Dairy Education and Research Centre in Agassiz, BC, Canada",1046 videos from 85 lactating Holstein dairy cows,"Gait scores by 5 experienced assessors (5-level system), crowd-sourced pairwise lameness assessments.","Automated lameness detection, rapid and accurate labeling of large datasets using crowd workers.",地面侧视,不确定,不确定,no_box,,许可待核 | 需重标 | 帧冗余,medium,1046 videos from 85 dairy cows; Gait scores by 5 assessors,步态打分无框，侧视牛体可见可补HBB；只给视频数未给图像数,https://doi.org/10.5683/SP3/QF1VTK,,40-40
C078,Dairy,X,"CowScreeningDB (Ismail et al., 2023)",Health Monitoring and Disease Diagnosis,"Raw inertial measurement unit data (accelerometer, gyroscope, magnetometer readings), CSV files.","Intensive Friesian dairy cattle farm in Gran Canaria, Spain","11,518 90-second samples",Lameness scores assigned by trained veterinary clinicians (binary classification).,"Lameness detection in dairy cows, benchmark for developing machine learning and deep learning models.",不确定,室内牛舍,不确定,no_box,,许可待核,high,"Raw IMU data (accelerometer, gyroscope); 11,518 samples",纯IMU传感器数据，无图像,https://www.kaggle.com/datasets/shahid1035/cowscreeningdb,,41-41
C079,Dairy,X,"B-mode Mammary Gland Sonogram Dataset with Echotexture Features (Themistokleous et al., 2022)",Health Monitoring and Disease Diagnosis,"B-mode sonograms (images), echotexture analysis variables (homogeneity, percentage non-zero gradients, entropy, gradient variance, standard deviation, correlation, gradient mean value).",Specific herd in northern Greece,3072 B-mode sonograms,"Classifications for daily milk yield (""High Lactation"" or ""No Lactation"") and productive stage (""Dry Period"" vs. ""Peak Lactation,"" etc.).",Developing deep learning algorithms for binary classifying dairy cow's daily milk yield and productive stage.,不确定,不确定,不确定,no_box,3072,许可待核,high,"B-mode sonograms (images), echotexture analysis variables",乳腺B超声像为体内组织回声，无牛只形态可辨，属无可辨识牛体,https://doi.org/10.17632/2c3xf92pk4.1,,42-42
C080,Dairy,P2,"Lumpy Skin Disease in dairy cows dataset (Saha, 2024)",Health Monitoring and Disease Diagnosis,RGB images,Argo Farm,"840 RGB images (513 healthy, 327 affected)","Binary classification: ""Healthy Cows"" and ""Lumpy Cows.""",Development and evaluation of classification models for early diagnosis of LSD in dairy cows.,不确定,不确定,不确定,no_box,840,许可待核 | 框语义待核,low,"840 RGB images (513 healthy, 327 affected); binary class",仅二分类标签，未说明是整牛照还是皮损特写，牛体是否可见待核,https://data.mendeley.com/datasets/w36hpf86j2/1,,43-43
C081,Dairy,X,"Dairy Cow Hypocalcaemia Prediction Dataset (Leerdam et al., 2024)",Health Monitoring and Disease Diagnosis,"Behavioral sensor data (5 distinct features daily over 21 days), static cow features (calving season, parity, day of blood sampling, BCS, locomotion scores).",Eight Dutch dairy farms,105 data points per animal,Blood samples for total calcium serum concentration (primary annotation for hypocalcaemia risk).,Prediction of hypocalcaemia in dairy cows.,不确定,不确定,不确定,no_box,,许可待核,high,Behavioral sensor data (5 features daily over 21 days),传感器与静态特征表格数据，无图像,https://github.com/mvanleerdam/predictive_model,,44-45
C082,Dairy,X,"Dairy Cattle Shade-Seeking Behavior Dataset (Sanjuan et al., 2025)","Behavioral Analysis, Health Monitoring and Disease Diagnosis","Numerical records (camera-derived counts, environmental measurements: temperature, humidity, time)","Feedlot in Titaguas, València, Spain, with a central shaded area",6907 observations,"Camera-based counting of cows seeking shade, environmental measurements, derived variables.","Predicting shade-seeking behavior under heat stress, enhancing farm management.",不确定,半开放牛场,不确定,no_box,,许可待核,high,Numerical records (camera-derived counts); 6907 observations,仅计数与环境数值记录，无可用图像,https://github.com/serjj99/CowShadeSeeking,,46-46
C083,Dairy,P1,"Dairy Cow Behavioral Phenotypes Dataset (Inadagbo et al., 2024)","Behavioral Analysis, Health Monitoring and Disease Diagnosis",Video recordings,"Commercial dairy farm, T&K Dairy in Snyder, Texas, free-stall barn environment.",3584 video recordings (24 hours continuous footage),"Individual cow identification based on unique coat color patterns, characterization of behavioral phenotypes (drinking, brush-use) using Roboflow and Segment Anything Model.",Machine vision and machine learning for automatic acquisition and processing of imagery data to develop behavioral phenotypes and promote animal welfare.,高位斜俯视,室内牛舍,人工照明,mask_or_kpt_only,,许可待核 | 需重标 | 帧冗余,medium,3584 video recordings (24h footage); Segment Anything Model,SAM掩膜非人工整牛框，需补HBB；只给录像数未给图像数,https://zenodo.org/doi/10.5281/zenodo.12627650,,47-50
C084,Dairy,X,"Dairy Cow Grazing Time Dataset (Guyard & Delagarde, 2025)",Behavioral Analysis,Accelerometer readings,Méjusseaume farm,1224 cow × day datapoints,"Separate databases for each device, summing activities per day and per cow, using Lifecorder Plus data as a reference.","Behavioral studies in experimental farms, analyzing variations in cow behaviors across different periods and management practices.",不确定,不确定,不确定,no_box,,许可待核,high,Accelerometer readings; 1224 cow x day datapoints,纯加速度计读数，无图像,https://doi.org/10.1371/journal.pone.0203546.s001,,51-51
C085,Dairy,X,"NWAFU-Cattle dataset (Fan et al., 2023)",Behavioral Analysis,RGB images,"Various conditions and poses (standing, walking, lying), diverse illumination, challenging backgrounds, obstacles, different scales and species.",2432 RGB images (3101 cattle instances),"Keypoints (16 defined keypoints) on cattle instances, following COCO format, further annotations applied to previously unannotated instances.","Bottom-up cattle pose estimation, training models for generalized cattle pose estimation in varied real-world settings.",多视角,不确定,混合,mask_or_kpt_only,2432,许可待核 | 非牛混入,high,"16 keypoints on cattle instances, following COCO format",与§1.4已纳入NWAFU Cattle Dataset同名，仓库又指向CMBN，同源排除,https://github.com/fqcwd/CMBN/tree/main,,52-52
C086,Dairy,X,"CBVD-5 (Li et al., 2024c)",Behavioral Analysis,"Video segments, image samples (raw video footage, cropped video segments, raw frames, label frames), eight annotation files.","Standardized pasture environment with an 80% stocking density in a barn, typical ranch setting.","687 video segments, 206,100 image samples","Expert dairy farmers and professionals used VIA web tool to manually label 4122 keyframes (object detection boxes, action IDs for 5 behaviors, target ID for the cow, following AVA dataset format).","Cow behavior recognition, object detection, tracking, enhancing livestock management, cow welfare, agricultural productivity.",不确定,室内牛舍,不确定,whole_animal_hbb,206100,帧冗余 | 标注质量不达标 | 许可待核,high,"4122 keyframes with detection boxes; 206,100 image samples",CowCV 文档 §3.1 已明确：CBVD-5 现有标注存在较大范围漏标与不完整标注，暂不纳入，须逐图全面复核后才能再定。4122关键帧含整牛检测框与目标ID；20.6万样本为抽帧，需分层去冗余,https://www.kaggle.com/datasets/fandaoerji/cbvd-5cow-behavior-video-dataset,,53-53
C087,Dairy,P1,"Multi-animal Cattle Pose Estimation Dataset (Perneel et al., 2025)",Behavioral Analysis,Video footage (daylight and grayscale nightvision frames),Single pen in a youngstock barn on a commercial Belgian dairy farm,"500 frames (training/validation), 12,000 test frames","Keypoint coordinates for multi-animal pose estimation (withers, tail implant, hips, head, nose), ground truth annotations following defined animal skeleton.","Automated animal behavior monitoring, extracting spatial and temporal behavioral information for Holstein dairy heifers.",不确定,室内牛舍,混合,mask_or_kpt_only,12500,许可待核 | 需重标 | 帧冗余,medium,"500 train/val frames + 12,000 test frames; keypoints",仅关键点需补整牛HBB；含日光与灰度夜视帧，帧冗余,https://zenodo.org/records/8086036,,54-55
C088,Dairy,P1,"Holstein Dairy Cow Depth Image Dataset (Chiang et al., 2025)",Production Management and Productivity Monitoring,Raw depth images,Practice farm of the Department of Animal Science at National Chung Hsing University in Taiwan.,9600 raw depth images,"Object detection using YOLOX (to identify cows), ResNet 50-based image classifier for filtering invalid depth images. Routine health information recorded.","Weight prediction for Holstein dairy cows, objective body condition assessment, automated image recognition.",不确定,不确定,不确定,whole_animal_hbb,9600,许可待核 | 需重标 | 框语义待核,medium,9600 raw depth images; YOLOX object detection for cows,框系YOLOX模型输出未经人工复核，需重标；深度模态牛体可见性待核,https://github.com/wenlinchu/Cows-Weight-Prediction,,56-56
C089,Dairy,P1,"Multi-method Dairy Cattle Body Condition Score Dataset (Swartz et al., 2025)",Production Management and Productivity Monitoring,"Digital photographs, on-site human observer Body Condition Scores, autonomous BCS from camera-based system.",Commercial dairy farm with two sites.,493 unique digital images (986 total photo sets),"Human scoring of on-site and image-based BCS, algorithmically assigned BCS. Cow identification via RFID collar tags and visual markers verified by computer vision.",Analyzing inter- and intraobserver agreement across different BCS assessment methods.,地面侧视,不确定,不确定,no_box,493,许可待核 | 需重标 | 规模偏小,medium,493 unique images (986 photo sets); human BCS scoring,BCS照片牛体应可见但无框，需补HBB；493张低于500需解释,https://hdl.handle.net/11299/272427,,57-57
C090,Dairy,P2,"Livestock 3D Body Condition Assessment Dataset (Zhang et al., 2023)",Production Management and Productivity Monitoring,Depth images (.png format),"Varied: dairy cows during milking, pigs individually caged, beef cattle during movement.","203 dairy cows, 201 pigs, 103 beef cattle","Expert-evaluated ground truth BCS values, based on average scores from multiple experienced experts, discretized according to standard BCS protocols. Key point detection and region selection rules.","Quantitative analysis of local three-dimensional shapes, automated BCS assessment, intelligent pasture management.",多视角,实验受控,不确定,mask_or_kpt_only,,许可待核 | 规模偏小 | 非牛混入 | 框语义待核,low,"203 dairy cows, 201 pigs, 103 beef cattle; keypoints",疑似与C050重复（同Zhang 2023同仓库）；深度＋关键点，仅给动物数,https://gitee.com/kznd/lshape-analyser/tree/master/MATLAB,,58-58
C091,Dairy,P0,"OTB-Cow dataset (Wang et al., 2025c)","Behavioral Analysis, Health Monitoring and Disease Diagnosis","Images, video segments processed into image frames","Six outdoor loafing areas within the Zhenniu Livestock Dairy Farm in Wuzhong City, China.","Cow mounting behavior dataset: 1716 images, 24430 image frames.","""Oestrus"" cows and ""mounting"" behavior applied using LabelImg and DarkLabel tools. Annotated for appearance deformation and degree of occlusion.","Accurate oestrus cow detection and tracking, intelligent livestock breeding systems.",不确定,半开放牛场,白天RGB,whole_animal_hbb,24430,许可待核 | 帧冗余,medium,"1716 images, 24430 image frames; LabelImg and DarkLabel",LabelImg整牛框，规模足；24430帧为视频抽帧需分层抽样,https://github.com/ZhengWang2025/OTB-Cow,,59-59
C092,Cattle,P1,Indian Cattle Image Dataset,"Breed Classification, Identification",RGB Images,Not specified,"~12,000–15,000 Images, 50 Breeds","Breed name, region, data source","Breed classification, Livestock monitoring and identification, Veterinary and farm management, Genetic research",不确定,不确定,不确定,no_box,12000,许可待核 | 需重标,medium,"Breed Classification, Identification；size: ~12,000–15,000 Images",品种分类无框，推测整牛外观照，可补画整牛 HBB，待核,https://www.kaggle.com/datasets/atharvadarpude/indian-cattle-image-dataset,2025,2
C093,Cattle,P2,JXcow-Datasets,"Weight Estimation, Semantic Segmentation, Pose Normalization","RGB, 16-bit Depth, Point Clouds","Real farm, dual-camera setup","112 Animals, Weight range 400–800 kg","Body-weight labels, Pixel-level cross-modal consistency, Semantic segmentation",Contactless cattle weight estimation,不确定,不确定,不确定,mask_or_kpt_only,,许可待核 | 框语义待核 | 需重标,low,"Semantic Segmentation；size: 112 Animals, Weight range 400–800 kg",语义分割掩膜无整牛框；112 为动物数，图像数未给,https://www.kaggle.com/datasets/dcaoren/jxcow-datasets,2026,3
C094,Cattle,P2,Cattle diseases datasets,"Image Classification, Detection",Images,Not specified,Hundreds to thousands of images per class,"Disease conditions (e.g., Lumpy skin disease, Dermatitis, Ecthyma), Healthy state","Automatic disease detection, Early diagnosis, Smart farming, Precision livestock health",不确定,不确定,不确定,no_box,,许可待核 | 框语义待核,low,"Image Classification, Detection；size: Hundreds to thousands of images per class",疾病图像疑为局部病灶特写，牛体是否完整不明，规模未定,https://www.kaggle.com/datasets/devang03mgr/cattle-diseases-datasets,2025,4
C095,Cattle,P1,Cattle Weight Detection Model + Dataset (12k~),Weight Detection,Images,Not specified,"12,000+ images (from 16,000 weighing sessions)",Volumetric weight based on hearth/girth measurements,"Automating volumetric weighing, Accurate input recommendations for farmers",不确定,不确定,不确定,no_box,12000,许可待核 | 需重标,medium,"Weight Detection；size: 12,000+ images (from 16,000 weighing sessions)",体尺测重需整牛侧视照，可新增整牛 HBB,https://www.kaggle.com/datasets/sadhliroomyprime/cattle-weight-detection-model-dataset-12k,2024,5
C096,Cattle,X,Animals Detection Images Dataset,Object Detection,Images,Not specified (Google Open Images V6+),"Not specified (includes classes like Dog, Cat, Zebra, Lion, Cattle)",Not specified (annotations for classes provided),Object detection for various animal species,不确定,开放网络混合,不确定,whole_animal_hbb,,许可待核 | 同源待核 | 非牛混入,medium,"env: Not specified (Google Open Images V6+)；classes like Dog, Cat, Zebra, Lion, Cattle",Open Images V6+ 派生，与已纳入 Google Open Images cow subset 疑同源,https://www.kaggle.com/datasets/antoreepjana/animals-detection-images-dataset,2021,6
C097,Cattle,X,Cattle bioacoustic dataset,Activity Classification,Bioacoustic data (audio),"Campo Grande-MS, Brazil (pasture)",">1,000,000 samples per file (from 35-60s raw .bag files)","Idle, rumination, grazing activities","Monitoring rumination, grazing, and idle activities",不确定,户外草场,不确定,no_box,,许可待核,high,modality: Bioacoustic data (audio),纯音频，无图像,https://www.kaggle.com/datasets/lscadfacomufms/cattle-bioacoustic-dataset,2021,7
C098,Cattle,P1,Cattle Dataset,Instance Segmentation,Grayscale Images,Multiple sources and datasets,6570 grayscale images,Individual object instances (delineation),Instance segmentation tasks,不确定,不确定,不确定,mask_or_kpt_only,6570,许可待核 | 需重标 | 非牛混入,medium,Instance Segmentation；6570 grayscale images；Multiple sources and datasets,掩膜标注需转整牛 HBB；含猪/羊/马，需筛牛类,https://www.kaggle.com/datasets/amiteshpatra07/cattle-dataset-pig-sheep-cow-horse,2024,8
C099,Cattle,X,Cattle Body Parts Dataset for Object Detection,Object Detection,Images,Not specified,428 high-quality photos,"Bounding boxes for ""Back,"" ""Head,"" and ""Leg""","Object detection of cattle body parts, Livestock management, Health monitoring",不确定,不确定,不确定,body_part,428,许可待核 | 同源待核,high,"annot: Bounding boxes for ""Back,"" ""Head,"" and ""Leg""",部位框非整牛；可能与已纳入 CBPD_ODD 同源,https://www.kaggle.com/datasets/alikhalilit98/cattle-body-parts-dataset-for-object-detection,2023,9
C100,Cattle,X,Cow Muzzle Dataset,"Biometric Identification, Object Detection",Images,Not specified,Not specified,YOLO-format label files for bounding box information,"Individual cow identification, Animal biometrics research, Livestock management",不确定,不确定,不确定,body_part,,许可待核,high,"Cow Identification, Muzzle Detection；YOLO-format label files for bounding box",口鼻/鼻纹特写，牛体不在画面内,https://www.kaggle.com/datasets/sharifashik/cow-muzzle-dataset,2025,10
C101,Cattle,P1,MoDES Dataset of Cattle,"Monocular Depth Estimation, Segmentation","Images, Masks, Depth Maps",Indian Roads (stray animals),"3 folders, each containing 400K images, masks, and depth maps","Foreground object overlaid on background scenes, Mask images, Depth maps","Autonomous navigation, Monocular depth estimation, Segmentation tasks",不确定,不确定,不确定,mask_or_kpt_only,400000,许可待核 | 需重标,low,"Monocular Depth Estimation, Segmentation；each containing 400K images, masks, and depth maps",前景动物合成至背景；掩膜需转整牛 HBB，每文件夹 400K,https://www.kaggle.com/datasets/bsridevi/modes-dataset-of-stray-animals,2021,11
C102,Cattle,X,Open Images V7 Animals YOLO,Object Detection,Images,Not specified (subset of Open Images V7),Not specified,Annotations for various animal classes,Object detection (specifically for Peruvian contexts),不确定,开放网络混合,不确定,whole_animal_hbb,,许可待核 | 同源待核 | 非牛混入 | 框语义待核,medium,Object Detection；env: Not specified (subset of Open Images V7),Open Images 派生，与已纳入 cow subset 疑同源；规模未定,https://www.kaggle.com/datasets/sergiomoy/open-imagea-v7-animals-yolo,2024,12
C103,Cattle,P2,Indian Cattle Breeds,Image Classification,Images,Not specified,Not specified (images/information of different breeds),"Breed diversity (e.g., Gir, Sahiwal, Red Sindhi)","Image classification of cattle breeds, Deep learning/computer vision projects, Breed recognition systems",不确定,不确定,不确定,no_box,,许可待核 | 框语义待核,low,Image Classification；size: Not specified (images/information of different breeds),品种分类无框，规模未定,https://www.kaggle.com/datasets/sujayroy723/indian-cattle-breeds,2025,13
C104,Cattle,P2,Wildlife Aerial Imagery Dataset,"Wildlife Detection, Classification",Aerial Images (high-resolution),Open landscapes and semi-wild environments,Not specified (10 distinct animal classes),Annotated imagery of diverse animal species,"Wildlife monitoring, Detection, and classification",航拍高空,户外草场,不确定,unclear,,许可待核 | 框语义待核 | 非牛混入,low,"Wildlife Detection, Classification；Not specified (10 distinct animal classes)",航拍多物种，牛占比与框语义不明,https://www.kaggle.com/datasets/sugamg/wildlife-aerial-imagery-dataset,2025,14
C105,Cattle,X,CATTLE ESTRUS DETECTION PATCH IMAGES,Estrus Detection,Images,Not specified,Not specified,Manually altered to show different levels of estrus,"Automated detection of estrus, Precision in livestock farming, Reproductive management",不确定,不确定,不确定,no_box,,许可待核 | 框语义待核,medium,CATTLE ESTRUS DETECTION PATCH IMAGES；Manually altered to show different levels of estrus,patch 图像且人工改色，牛体是否可见存疑，疑为局部,https://www.kaggle.com/datasets/tonygim/cattle-estrus-detection-patch-images-red-colour,2024,15
C106,Cattle,P2,Cattle Body Condition Score,Body Condition Scoring,"Depth + RGB Videos, Processed Depth, Grayscale, Edge Images",Jornada Experimental Range,Not specified (collection of preclassified videos),Labeled according to judges' scores,Estimating body condition scores,不确定,实验受控,不确定,no_box,,许可待核 | 帧冗余 | 框语义待核,low,Body Condition Scoring；Not specified (collection of preclassified videos),视频分类无框，规模未定；与 C112 疑同源(Jornada),https://www.kaggle.com/datasets/iananusu/cattle-body-condition-score,2025,16
C107,Cattle,P2,Dairy Cow Drinking/Brushing Behavior Video Event Dataset and code,Behavior Analysis,Video clips (.mp4),Multiple dairy cow pens and cameras,Not specified (short video event clips),Per-cow event annotation tables (.csv) for behavioral event segments,Processing and analyzing drinking and brushing behavior,不确定,室内牛舍,不确定,no_box,,许可待核 | 帧冗余 | 框语义待核,low,Behavior Analysis；Video clips；Per-cow event annotation tables (.csv),仅事件级时间标注，无检测框，规模未定,https://zenodo.org/records/17918160,2025,17
C108,Cattle,X,Quantification of grass-severing bites performed by grazing cattle using halter-mounted accelerometers and machine learning,"Behavior Classification, Bite Quantification",Accelerometer data,Not specified (grazing cattle),"Not specified (raw base data, compiled data)","Behaviors coded, Bites coded, Raw IMU signal","Quantifying grass-severing bites, Behavior classification",不确定,户外草场,不确定,no_box,,许可待核,high,modality: Accelerometer data,纯传感器数据，无图像,https://zenodo.org/records/12724795,2024,18
C109,Cattle,P0,Drone images and their annotations of grazing cows,Cow Detection and Counting,Drone Images,"Pasture (Mauron, Derval, Jalogny, Other_farms)","1385 images, 4941 bounding boxes",PASCAL_VOC1.1 and YOLO_V1 format annotations (bounding boxes of cows),Cow detection and counting models,航拍高空,户外草场,白天RGB,whole_animal_hbb,1385,许可待核,high,"1385 images, 4941 bounding boxes；PASCAL_VOC1.1 and YOLO_V1 annotations",原生整牛框且规模达标，无人机牧场场景,https://zenodo.org/records/11048412,2024,19
C110,Cattle,P2,Direct measurement of dairy cow body condition using a 3D camera,Body Condition Scoring,"3D frames, Color images",Scale cage,Not specified (up to 50 frames from each camera per cow),"Cow number, visit day",Direct measurement of dairy cow body condition,地面侧视,实验受控,不确定,no_box,,许可待核 | 框语义待核,low,"Body Condition Scoring；3D frames, Color images；Not specified",仅牛号/日期标签无框，≤50 帧/牛非图像总数,https://zenodo.org/records/5645192,2021,20
C111,Cattle,P1,New Zealand Cattle Detection,Cattle Detection,Aerial RGB Images,Not specified,"655 images, 29803 total cows",Point annotation of each visible cattle,Detecting cows from high-resolution aerial images,航拍高空,户外草场,白天RGB,no_box,655,许可待核 | 需重标,medium,"655 images, 29803 total cows；Point annotation of each visible cattle",仅点标注，牛体可见，可新增整牛 HBB,https://zenodo.org/records/5908869,2022,21
C112,Cattle,P2,Labeled RGB and depth images for cattle body condition score prediction,Body Condition Score Prediction,"RGB+Depth videos, Processed Depth, Grayscale, Edge Images",Jornada Experimental Range,Not specified,Labeled according to judges' scores,Estimating body condition scores,不确定,实验受控,不确定,no_box,,许可待核 | 帧冗余 | 框语义待核,low,Body Condition Score Prediction；Not specified；Labeled according to judges' scores,与 C106 疑同源(Jornada)，无框、规模未定,https://zenodo.org/records/8108223,2023,22
C113,Cattle,P2,Computer Vision Dataset for Detecting Cattle Behaviors in Pasture Environments,Behavior Detection and Classification,RGB Images,Pasture-based environments,Not specified,"YOLOv8-format annotation files for behaviors (grazing, lying, standing), Bounding box annotations","Training and validating object detection models, Animal welfare, Precision livestock farming",不确定,户外草场,不确定,whole_animal_hbb,,许可待核 | 框语义待核,low,YOLOv8-format annotation files for behaviors；Bounding box annotations；size: Not specified,有框但图像规模未给，待核,https://zenodo.org/records/15688349,2025,23
C114,Cattle,X,Cows Frontal Face Dataset,"Cow Identification, Muzzle Detection",Images,Pakistan,"459 classes (cows), world's largest dataset in terms of subjects",Not specified (limited to muzzle detection),"Cow identification, Muzzle detection",不确定,不确定,不确定,body_part,,许可待核,high,"Cow Identification, Muzzle Detection；limited to muzzle detection",正面脸部/口鼻特写，牛体不在画面,https://zenodo.org/records/10535934,2024,24
C115,Cattle,P2,"Image dataset for cow identification, including code to train deep learning model, as well as analysis of results",Cow Identification,Images,Not specified,Not specified,Not specified,Cow identification,不确定,不确定,不确定,unclear,,许可待核 | 框语义待核,low,Cow Identification；size: Not specified；annot: Not specified,任务/标注/规模全缺，无法判定,https://zenodo.org/records/7948102,2023,25
C116,Cattle,P2,"Sample Data and Annotations for ""Beyond Proximity: Pose-Based Interaction Inference in Dairy Cattle""",Interaction Inference,"Video frames, Bounding box annotations, Keypoint annotations",Commercial dairy barn (overhead camera view),Not specified (selected sample video frames),"Cow bounding box annotations, Anatomical keypoint annotations, Example interaction clips",Classifying affiliative and agonistic social networks,顶部俯视,室内牛舍,不确定,whole_animal_hbb,,许可待核 | 帧冗余 | 框语义待核,low,"Cow bounding box annotations, Anatomical keypoint annotations；Not specified (sample frames)",有整牛框+关键点，但仅样本帧且规模未定,https://zenodo.org/records/18234504,2026,26
C117,Cattle,P2,CoBRA_segmentation_youngstock,"Segmentation, Behavior Classification",Images,Youngstock pen,250 segmented images,"Annotated segments (coordinates, name, class), Annotated masks","Segmentation of animals, Classification of animal behavior (standing, lying)",不确定,室内牛舍,不确定,mask_or_kpt_only,250,许可待核 | 需重标 | 规模偏小 | 框语义待核,medium,"Segmentation, Behavior Classification；250 segmented images；Annotated masks",掩膜需转整牛 HBB；250 张落灰区(220–300),https://zenodo.org/records/14975829,2025,27
C118,Cattle,P2,CoBRA_re_identification_youngstock,Re-identification,Image files (.json with metadata),Youngstock pen,"11,438 animal segments","Identity, behavior (standing, lying left, lying right), image filename, spine angle",Re-identification of Holstein cattle,不确定,室内牛舍,不确定,mask_or_kpt_only,,许可待核 | 框语义待核,low,"Re-identification；11,438 animal segments（非图像数）",仅给动物片段数，图像数未定；segments 语义待核,https://zenodo.org/records/15018518,2025,28
C119,Cattle,P1,CoBRA_pose_behaviour_youngstock,"Pose Estimation, Behavior Classification",Images,Youngstock pen,>500 images,"Keypoint coordinates of annotated skeletons, Behaviors of animals, Coordinates of annotated masks",Quantification of animal pose and behavior,不确定,室内牛舍,不确定,mask_or_kpt_only,500,许可待核 | 需重标,medium,>500 images；Keypoint coordinates of annotated skeletons；Coordinates of annotated masks,关键点/掩膜需新增整牛 HBB，图像数 >500 达标,https://zenodo.org/records/15016853,2025,29
C120,Cattle,P2,CoBRA_pose_behaviour_youngstock_video,"Pose Estimation, Behavior Classification","Videos (.mp4), Image of last frame (.jpg)",Youngstock pen,100 videos of 60s (2fps),"Keypoint coordinates of annotated skeletons, Behaviors of animals, Coordinates of annotated masks",Quantification of animal pose and behavior from videos,不确定,室内牛舍,不确定,mask_or_kpt_only,,许可待核 | 帧冗余 | 框语义待核,low,Videos (.mp4)；100 videos of 60s (2fps),仅给视频数(100)，图像/帧数未定；与 C119 同项目,https://zenodo.org/records/15018041,2025,30
C121,Cattle,P1,"Dataset for ""Computer Vision for Resource Optimisation in Dairy Cows Drinking and Backyard Chickens Nesting behaviour""","Behavior Analysis, Object Detection",Images,"Backyard coop, Not specified (cattle)","Poultry: 1272 images, Cattle: 1140 images","YOLO format annotation files (Chickens, Guinea Fowls, Eggs; Cow Heads, Cow Bodies, Water Troughs)","Animal behavior analysis, Nest occupancy patterns, Egg-laying behavior, Cow feeding interactions",不确定,不确定,不确定,whole_animal_hbb,1140,许可待核 | 非牛混入 | 框语义待核,low,"Cattle: 1140 images；YOLO...(Cow Heads, Cow Bodies, Water Troughs)",含 Cow Bodies 整牛框，兼有头框与家禽类；牛部分 1140 张,https://zenodo.org/records/15031180,2025,31
C122,Cattle,X,"Infrared thermal images and corresponding pH, temperature, and hot carcass weight measurements of beef carcasses","Image Segmentation, Feature Extraction, Predictive Modeling",Infrared Thermal Images,Slaughterhouse,60 bovine half-carcasses,"pH, temperature, hot carcass weight","Predictive models for ultimate muscle temperature and pH, Meat quality assessment, Robotics and automation",不确定,实验受控,红外,no_box,60,许可待核 | 规模偏小,high,Infrared Thermal Images；60 bovine half-carcasses,为胴体热成像非活牛，且 60<220,https://zenodo.org/records/18112066,2026,32
C123,Cattle,X,Accelerometer-Based Multivariate Time-Series Dataset for Calf Behavior Classification,Behavior Classification,Accelerometer Data,"Teagasc Moorepark Research Farm, Ireland (group pens)",27.4 hours of accelerometer data,"Annotated behavior (23 behaviors), Segment identification number","Classification of pre-weaned calf behaviors, Multivariate time-series classification",不确定,不确定,不确定,no_box,,许可待核,high,modality: Accelerometer Data；27.4 hours of accelerometer data,纯传感器时序数据，无图像,https://zenodo.org/records/13259482,2024,33
C124,Cattle,P1,M-Vet Livestock Dataset,Image Classification,Images,Various farms and regions,"~18,000 images","Animal type (cows, goats, pigs) with corresponding classes","Image classification, Livestock management, Animal health monitoring and diagnostics",不确定,不确定,不确定,no_box,18000,许可待核 | 需重标 | 非牛混入,medium,"Image Classification；~18,000 images；cows, goats, pigs",多物种分类无框，规模达标，需筛牛类补画 HBB,https://zenodo.org/records/15194375,2025,34
C125,Cattle,X,IoT sensor data XGain UC6,"Behavior Monitoring, Classification",Accelerometer Data,"ILVO, pasture access periods",Not specified (sensor data from 10 cows over 3 weeks),"Behavioral classifications (grazing, ruminating activities)","Real-time in-situ classification, Edge-based livestock behavior monitoring",不确定,户外草场,不确定,no_box,,许可待核 | 同源待核,high,modality: Accelerometer Data；sensor data from 10 cows over 3 weeks,纯传感器；且与已纳入 XGain 同源,https://zenodo.org/records/15600573,2025,35
C126,Cattle,P2,Edge AI for Precision Livestock Farming: KPI Dataset from a Vision-Based Cattle Monitoring Field Trial,System Performance Evaluation,Not specified,Real-world pasture conditions,Not specified,Not specified,Benchmarking remote sensing systems in agricultural environments,不确定,户外草场,不确定,unclear,,许可待核 | 框语义待核,low,System Performance Evaluation；modality: Not specified；annot: Not specified,可能为 KPI 指标而非图像，字段全缺,https://zenodo.org/records/15783488,2025,36
C127,Cattle,P2,Cattle side view and back view dataset,"Automated Measurements, Weight Prediction",Images (side and back views),Eastern Chinese Inner Mongolia Autonomous region,72 cattle,"Oblique body length, withers height, heart girth, hip length, body weight","Automated measurements, Weight prediction, Livestock monitoring",多视角,不确定,不确定,no_box,,许可待核 | 规模偏小 | 框语义待核,low,size: 72 cattle；Images (side and back views),仅给 72 头(动物数)，图像数未定，规模待核,https://data.mendeley.com/datasets/h2s22wr5py/3,2025,37
C128,Cattle,P1,Counting cattle Dataset: Supporting livestock Multi Object Tracking,"Object Tracking, Detection, Counting",Videos (30 FPS),"""La Cordillera"" ranch, Uruguay","Not specified (videos, 478 frames for MOT)","Bounding boxes, ID assignment, Trajectory lines","Multi Object Tracking algorithms for livestock monitoring, Animal counting",不确定,户外草场,不确定,whole_animal_hbb,478,许可待核 | 帧冗余 | 框语义待核,low,"Object Tracking, Detection, Counting；Not specified (videos, 478 frames for MOT)",整牛框但源自视频，478 帧需按序列抽样；规模待核,https://data.mendeley.com/datasets/dk54zg67dd/1,2025,38
C129,Cattle,X,Annotated Cattle Images dataset,Object Detection,Images,Open-access platforms on the internet,6182 cattle images,"Animal face localization, Main facial subregions (eyes, ears, muzzle)","Training object detection models, Animal region annotation",不确定,开放网络混合,不确定,body_part,6182,许可待核,high,"6182 cattle images；Animal face localization, Main facial subregions (eyes, ears, muzzle)",框为脸及五官子区域，属局部特写,https://data.mendeley.com/datasets/rzyc5ssvzx/2,2025,39
C130,Cattle,P2,Animal Action Video Dataset with Heatmap and Silhouette Representations,"Action Recognition, Video Classification","Video Data, Heatmaps, Silhouette Representations",Not specified,Not specified (25 distinct animal classes),"Silhouette representations, Class activation heatmaps","Animal action recognition, Explainable artificial intelligence",不确定,不确定,不确定,no_box,,许可待核 | 框语义待核 | 非牛混入,low,"Action Recognition, Video Classification；25 distinct animal classes；Silhouette/heatmaps",轮廓/热图非检测框，规模与牛占比未定,https://data.mendeley.com/datasets/mp5zn2r6rd/1,2026,40
C131,Cattle,P2,Cattle image datasets for lameness detection and analysis,Lameness Detection and Analysis,Images,Tau Sa farm in South Africa,277 images,"Labeled (active/inactive, standing, eating, lying down)","Lameness detection and analysis, Health monitoring, Body condition scoring",不确定,半开放牛场,不确定,no_box,277,许可待核 | 规模偏小 | 框语义待核,medium,Lameness Detection and Analysis；size: 277 images,图像级标签无框；277 张落灰区(220–300),https://data.mendeley.com/datasets/f4j83j77ng/1,2025,41
C132,Cattle,P1,RecBov51c,Image Classification,Images,"Aquidauana Pantanal Cattle Conservation Center, Brazil","27,849 images, 51 Pantanal cattle units","Not specified (images of back, profile, side, face)",Classification of Pantaneiro Cattle,多视角,不确定,不确定,no_box,27849,许可待核 | 需重标,medium,"Image Classification；27,849 images；images of back, profile, side, face",含背/侧全身视图，牛体可见可补框；面部视图需剔除,https://data.mendeley.com/datasets/8ysxtyf8p2/7,2021,42
C133,Cattle,P2,A comprehensive image dataset of Bangladeshi cow breed identification,Breed Identification,HD Image Data,Various areas in Bangladesh,263 HD image data,4 types of cows,"Cow breed identification, Image processing",不确定,不确定,不确定,no_box,263,许可待核 | 规模偏小,medium,Breed Identification；size: 263 HD image data,品种识别无框；263 张落灰区(220–300),https://data.mendeley.com/datasets/yd84s35d73/1,2025,43
C134,Cattle,X,Study on Grassland Dynamics and Livestock Behavior Changes Under Different Grazing Strategies,"Behavior Classification, Environmental Monitoring","GPS Data, Remote Sensing Imagery","Jinhua Village, China (fenced grazing experiment)",Not specified,"Cattle behavior (foraging, walking, standing, ruminating, resting), NDVI data","Sustainable grassland management, Grazing strategies, Interaction between cattle behavior and vegetation",不确定,户外草场,不确定,no_box,,许可待核,medium,"modality: GPS Data, Remote Sensing Imagery；NDVI data",GPS+植被遥感，无牛体图像,https://data.mendeley.com/datasets/jnfv29y57t/1,2025,44
